time,event,wood_stock,electronic_stock,pre_paint_stock,post_paint_stock,dispatch_stock,_id
2024-01-01 00:00:00.000000,wood_ok,98,200,0,0,0,672bfe503e88ac60739484c8
2024-01-01 00:00:00.000000,electronic_ok,98,200,0,0,0,672bfe503e88ac60739484c9
2024-01-01 00:59:28.856107,body_made,97,200,1,0,0,672bfe513e88ac60739484ca
2024-01-01 01:00:00.000000,wood_ok,96,200,1,0,0,672bfe513e88ac60739484cb
2024-01-01 01:00:00.000000,electronic_ok,96,200,1,0,0,672bfe513e88ac60739484cc
2024-01-01 01:00:08.979123,body_made,96,200,2,0,0,672bfe513e88ac60739484cd
2024-01-01 01:01:22.423570,neck_made,95,200,4,0,0,672bfe513e88ac60739484ce
2024-01-01 01:53:02.249563,body_made,94,200,5,0,0,672bfe523e88ac60739484cf
2024-01-01 01:55:54.374037,neck_made,93,200,7,0,0,672bfe523e88ac60739484d0
2024-01-01 01:57:40.373172,body_made,92,200,8,0,0,672bfe523e88ac60739484d1
2024-01-01 02:00:00.000000,wood_ok,91,200,8,0,0,672bfe523e88ac60739484d2
2024-01-01 02:00:00.000000,electronic_ok,91,200,8,0,0,672bfe523e88ac60739484d3
2024-01-01 02:37:47.848812,neck_made,91,200,10,0,0,672bfe523e88ac60739484d4
2024-01-01 02:59:15.129146,body_made,90,200,1,0,0,672bfe533e88ac60739484d5
2024-01-01 03:00:00.000000,wood_ok,89,200,1,0,0,672bfe533e88ac60739484d6
2024-01-01 03:00:00.000000,electronic_ok,89,200,1,0,0,672bfe533e88ac60739484d7
2024-01-01 03:00:56.012869,body_made,89,200,2,0,0,672bfe533e88ac60739484d8
2024-01-01 03:30:53.633411,neck_made,88,200,4,0,0,672bfe533e88ac60739484d9
2024-01-01 04:00:00.000000,wood_ok,87,200,4,0,0,672bfe543e88ac60739484da
2024-01-01 04:00:00.000000,electronic_ok,87,200,4,0,0,672bfe543e88ac60739484db
2024-01-01 04:02:32.383606,body_made,87,200,5,0,0,672bfe543e88ac60739484dc
2024-01-01 04:02:45.267391,body_made,86,200,6,0,0,672bfe543e88ac60739484dd
2024-01-01 04:59:10.755243,body_made,85,200,7,0,0,672bfe553e88ac60739484de
2024-01-01 05:00:00.000000,wood_ok,84,200,7,0,0,672bfe553e88ac60739484df
2024-01-01 05:00:00.000000,electronic_ok,84,200,7,0,0,672bfe553e88ac60739484e0
2024-01-01 05:02:47.685669,body_made,84,200,8,0,0,672bfe553e88ac60739484e1
2024-01-01 05:05:28.035643,neck_made,83,200,10,0,0,672bfe553e88ac60739484e2
2024-01-01 06:00:00.000000,wood_ok,82,200,10,0,0,672bfe563e88ac60739484e3
2024-01-01 06:00:00.000000,electronic_ok,82,200,10,0,0,672bfe563e88ac60739484e4
2024-01-01 06:03:01.522272,body_made,82,200,11,0,0,672bfe563e88ac60739484e5
2024-01-01 06:03:21.853330,body_made,81,200,12,0,0,672bfe563e88ac60739484e6
2024-01-01 06:06:17.380176,neck_made,80,200,14,0,0,672bfe563e88ac60739484e7
2024-01-01 06:47:18.331324,neck_made,79,200,16,0,0,672bfe563e88ac60739484e8
2024-01-01 06:52:21.207507,painting_done,78,200,16,10,0,672bfe563e88ac60739484e9
2024-01-01 07:00:00.000000,wood_ok,78,196,6,6,0,672bfe573e88ac60739484ea
2024-01-01 07:00:00.000000,electronic_ok,78,196,6,6,0,672bfe573e88ac60739484eb
2024-01-01 07:02:23.768703,body_made,78,196,7,6,0,672bfe573e88ac60739484ec
2024-01-01 07:03:55.085631,body_made,77,196,8,6,0,672bfe573e88ac60739484ed
2024-01-01 07:46:54.859347,neck_made,76,196,10,6,0,672bfe573e88ac60739484ee
2024-01-01 07:52:21.207507,guitar_assembled,75,196,10,6,1,672bfe573e88ac60739484ef
2024-01-01 07:52:21.207507,guitar_assembled,75,196,10,5,2,672bfe583e88ac60739484f0
2024-01-01 07:53:12.965884,body_made,75,194,11,4,2,672bfe583e88ac60739484f1
2024-01-01 07:57:09.606231,guitar_assembled,74,194,11,4,3,672bfe583e88ac60739484f2
2024-01-01 07:59:13.543627,guitar_assembled,74,193,11,3,4,672bfe583e88ac60739484f3
2024-01-01 08:00:00.000000,wood_ok,74,192,11,2,4,672bfe583e88ac60739484f4
2024-01-01 08:00:00.000000,electronic_ok,74,192,11,2,4,672bfe583e88ac60739484f5
2024-01-01 08:02:57.613072,body_made,74,192,12,2,4,672bfe583e88ac60739484f6
2024-01-01 08:49:49.313541,neck_made,73,192,14,2,4,672bfe583e88ac60739484f7
2024-01-01 08:56:26.256900,body_made,72,192,15,2,4,672bfe593e88ac60739484f8
2024-01-01 08:57:09.606231,guitar_assembled,71,192,15,2,5,672bfe593e88ac60739484f9
2024-01-01 08:59:13.543627,guitar_assembled,71,191,15,1,6,672bfe593e88ac60739484fa
2024-01-01 09:00:00.000000,wood_below_critical,71,190,15,0,6,672bfe593e88ac60739484fb
2024-01-01 09:00:00.000000,electronic_ok,71,190,15,0,6,672bfe593e88ac60739484fc
2024-01-01 09:06:12.347830,guitar_assembled,71,190,15,0,7,672bfe593e88ac60739484fd
2024-01-01 09:11:30.141927,body_made,71,190,16,0,7,672bfe593e88ac60739484fe
2024-01-01 09:11:52.078435,guitar_assembled,70,190,16,0,8,672bfe593e88ac60739484ff
2024-01-01 10:00:00.000000,electronic_ok,70,190,16,0,9,672bfe5a3e88ac6073948500
2024-01-01 10:00:00.000000,dispatch_done,70,190,16,0,9,672bfe5a3e88ac6073948501
2024-01-01 10:01:48.999626,body_made,70,190,17,0,9,672bfe5a3e88ac6073948502
2024-01-01 10:03:03.442612,guitar_assembled,69,190,17,0,10,672bfe5a3e88ac6073948503
2024-01-01 10:03:50.526690,guitar_assembled,69,190,17,0,11,672bfe5a3e88ac6073948504
2024-01-01 10:05:34.913967,body_made,69,190,18,0,11,672bfe5a3e88ac6073948505
2024-01-01 10:07:49.594117,neck_made,68,190,20,0,11,672bfe5a3e88ac6073948506
2024-01-01 10:58:16.189512,body_made,67,190,21,0,11,672bfe5b3e88ac6073948507
2024-01-01 11:00:00.000000,electronic_ok,66,190,21,0,11,672bfe5b3e88ac6073948508
2024-01-01 11:01:00.067712,body_made,66,190,22,0,11,672bfe5b3e88ac6073948509
2024-01-01 11:10:56.919422,painting_done,65,190,22,10,11,672bfe5b3e88ac607394850a
2024-01-01 11:31:37.299687,neck_made,65,186,14,6,11,672bfe5b3e88ac607394850b
2024-01-01 12:00:00.000000,electronic_ok,64,186,14,6,11,672bfe5c3e88ac607394850c
2024-01-01 12:00:56.497199,body_made,64,186,15,6,11,672bfe5c3e88ac607394850d
2024-01-01 12:04:45.325431,body_made,63,186,16,6,11,672bfe5c3e88ac607394850e
2024-01-01 12:10:56.919422,guitar_assembled,62,186,16,6,12,672bfe5c3e88ac607394850f
2024-01-01 12:10:56.919422,guitar_assembled,62,186,16,5,13,672bfe5c3e88ac6073948510
2024-01-01 12:16:54.170458,guitar_assembled,62,184,16,4,14,672bfe5c3e88ac6073948511
2024-01-01 12:21:49.971548,guitar_assembled,62,183,16,3,15,672bfe5c3e88ac6073948512
2024-01-01 12:44:50.015711,neck_made,62,182,18,2,15,672bfe5c3e88ac6073948513
2024-01-01 13:00:00.000000,electronic_ok,61,182,18,2,15,672bfe5d3e88ac6073948514
2024-01-01 13:02:14.251381,body_made,61,182,19,2,15,672bfe5d3e88ac6073948515
2024-01-01 13:10:56.919422,guitar_assembled,60,182,19,2,16,672bfe5d3e88ac6073948516
2024-01-01 13:16:39.066880,body_made,60,181,20,1,16,672bfe5d3e88ac6073948517
2024-01-01 13:20:58.254105,guitar_assembled,59,181,20,1,17,672bfe5d3e88ac6073948518
2024-01-01 13:27:37.166349,guitar_assembled,59,180,20,0,18,672bfe5d3e88ac6073948519
2024-01-01 13:44:12.628984,guitar_assembled,59,180,20,0,19,672bfe5d3e88ac607394851a
2024-01-01 13:50:59.791374,neck_made,59,180,22,0,19,672bfe5d3e88ac607394851b
2024-01-01 14:00:00.000000,electronic_ok,58,180,22,0,19,672bfe5e3e88ac607394851c
2024-01-01 14:10:14.914620,body_made,58,180,23,0,19,672bfe5e3e88ac607394851d
2024-01-01 14:13:02.160107,guitar_assembled,57,180,23,0,20,672bfe5e3e88ac607394851e
2024-01-01 14:15:13.829441,body_made,57,180,24,0,20,672bfe5e3e88ac607394851f
2024-01-01 14:22:50.233140,guitar_assembled,56,180,24,0,21,672bfe5e3e88ac6073948520
2024-01-01 14:57:37.431419,painting_done,56,180,24,10,21,672bfe5f3e88ac6073948521
2024-01-01 15:00:00.000000,electronic_ok,56,176,14,6,21,672bfe5f3e88ac6073948522
2024-01-01 15:04:34.465085,neck_made,56,176,16,6,21,672bfe5f3e88ac6073948523
2024-01-01 15:09:32.295822,body_made,55,176,17,6,21,672bfe5f3e88ac6073948524
2024-01-01 15:14:21.818728,body_made,54,176,18,6,21,672bfe5f3e88ac6073948525
2024-01-01 15:57:37.431419,guitar_assembled,53,176,18,6,22,672bfe603e88ac6073948526
2024-01-01 15:57:37.431419,guitar_assembled,53,176,18,5,23,672bfe603e88ac6073948527
2024-01-01 16:00:00.000000,electronic_ok,53,174,18,4,23,672bfe603e88ac6073948528
2024-01-01 16:03:07.223695,body_made,53,174,19,4,23,672bfe603e88ac6073948529
2024-01-01 16:04:49.752502,guitar_assembled,52,174,19,4,24,672bfe603e88ac607394852a
2024-01-01 16:08:56.615109,neck_made,52,173,21,3,24,672bfe603e88ac607394852b
2024-01-01 16:11:29.755974,body_made,51,173,22,3,24,672bfe603e88ac607394852c
2024-01-01 16:17:23.616302,guitar_assembled,50,173,22,3,25,672bfe603e88ac607394852d
2024-01-01 17:00:00.000000,electronic_ok,50,172,22,2,25,672bfe613e88ac607394852e
2024-01-01 17:03:09.192121,guitar_assembled,50,172,22,2,26,672bfe613e88ac607394852f
2024-01-01 17:03:58.867586,body_made,50,171,23,1,26,672bfe613e88ac6073948530
2024-01-01 17:10:39.407867,body_made,49,171,24,1,26,672bfe613e88ac6073948531
2024-01-01 17:13:50.745062,guitar_assembled,48,171,24,1,27,672bfe613e88ac6073948532
2024-01-01 17:17:23.616302,guitar_assembled,48,170,24,0,28,672bfe613e88ac6073948533
2024-01-01 17:17:36.998877,neck_made,48,170,26,0,28,672bfe613e88ac6073948534
2024-01-01 17:26:21.106569,guitar_assembled,47,170,26,0,29,672bfe613e88ac6073948535
2024-01-01 18:00:00.000000,electronic_ok,47,170,26,0,29,672bfe623e88ac6073948536
2024-01-01 18:00:11.721715,body_made,47,170,27,0,29,672bfe623e88ac6073948537
2024-01-01 18:04:12.329548,body_made,46,170,28,0,29,672bfe623e88ac6073948538
2024-01-01 18:06:55.022251,guitar_assembled,45,170,28,0,30,672bfe623e88ac6073948539
2024-01-01 18:14:42.227041,guitar_assembled,45,170,28,0,31,672bfe623e88ac607394853a
2024-01-01 18:19:19.962456,neck_made,45,170,30,0,31,672bfe623e88ac607394853b
2024-01-01 18:27:03.195859,painting_done,44,170,30,10,31,672bfe623e88ac607394853c
2024-01-01 19:00:00.000000,electronic_ok,44,166,20,6,31,672bfe633e88ac607394853d
2024-01-01 19:00:38.052567,body_made,44,166,21,6,31,672bfe633e88ac607394853e
2024-01-01 19:03:07.218661,body_made,43,166,22,6,31,672bfe633e88ac607394853f
2024-01-01 19:17:14.055706,neck_made,42,166,24,6,31,672bfe633e88ac6073948540
2024-01-01 19:34:33.718445,guitar_assembled,41,166,24,6,32,672bfe633e88ac6073948541
2024-01-01 19:37:56.405035,guitar_assembled,41,165,24,5,33,672bfe633e88ac6073948542
2024-01-01 19:46:04.453762,guitar_assembled,41,164,24,4,34,672bfe633e88ac6073948543
2024-01-01 19:48:07.845510,guitar_assembled,41,163,24,3,35,672bfe633e88ac6073948544
2024-01-01 19:48:37.260267,body_made,41,162,25,2,35,672bfe633e88ac6073948545
2024-01-01 20:00:00.000000,electronic_ok,40,162,25,2,36,672bfe643e88ac6073948546
2024-01-01 20:00:00.000000,dispatch_done,40,162,25,2,36,672bfe643e88ac6073948547
2024-01-01 20:09:03.812787,body_made,40,162,26,2,36,672bfe643e88ac6073948548
2024-01-01 20:15:24.027856,neck_made,39,162,28,2,36,672bfe643e88ac6073948549
2024-01-01 20:35:49.430484,guitar_assembled,38,162,28,2,37,672bfe643e88ac607394854a
2024-01-01 20:41:58.702970,guitar_assembled,38,161,28,1,38,672bfe643e88ac607394854b
2024-01-01 20:42:58.044983,body_made,38,160,29,0,38,672bfe643e88ac607394854c
2024-01-01 20:47:44.113795,guitar_assembled,37,160,29,0,39,672bfe643e88ac607394854d
2024-01-01 20:48:07.845510,guitar_assembled,37,160,29,0,40,672bfe643e88ac607394854e
2024-01-01 21:00:00.000000,electronic_ok,37,160,29,0,40,672bfe653e88ac607394854f
2024-01-01 21:02:30.329826,body_made,37,160,30,0,40,672bfe653e88ac6073948550
2024-01-01 21:30:52.462037,neck_made,36,160,32,0,40,672bfe653e88ac6073948551
2024-01-01 21:35:49.430484,guitar_assembled,35,160,32,0,41,672bfe653e88ac6073948552
2024-01-01 21:43:16.092594,guitar_assembled,35,160,32,0,42,672bfe653e88ac6073948553
2024-01-01 21:50:05.098691,body_made,35,160,33,0,42,672bfe653e88ac6073948554
2024-01-01 22:00:00.000000,electronic_ok,34,160,33,0,42,672bfe663e88ac6073948555
2024-01-01 22:03:13.752872,body_made,34,160,34,0,42,672bfe663e88ac6073948556
2024-01-01 22:05:01.351282,painting_done,33,160,34,10,42,672bfe663e88ac6073948557
2024-01-01 22:22:03.953863,neck_made,33,156,26,6,42,672bfe663e88ac6073948558
2024-01-01 22:44:12.057730,body_made,32,156,27,6,42,672bfe663e88ac6073948559
2024-01-01 23:00:00.000000,electronic_ok,31,156,27,6,42,672bfe673e88ac607394855a
2024-01-01 23:01:10.797692,body_made,31,156,28,6,42,672bfe673e88ac607394855b
2024-01-01 23:05:01.351282,guitar_assembled,30,156,28,6,43,672bfe673e88ac607394855c
2024-01-01 23:05:01.351282,guitar_assembled,30,156,28,5,44,672bfe673e88ac607394855d
2024-01-01 23:05:01.351282,guitar_assembled,30,156,28,4,45,672bfe673e88ac607394855e
2024-01-01 23:21:34.673342,guitar_assembled,30,153,28,3,46,672bfe673e88ac607394855f
2024-01-01 23:27:26.007655,neck_made,30,152,30,2,46,672bfe673e88ac6073948560
2024-01-01 23:45:49.691336,body_made,29,152,31,2,46,672bfe673e88ac6073948561
2024-01-01 23:51:15.738340,body_made,28,152,32,2,46,672bfe673e88ac6073948562
2024-01-02 00:00:00.000000,electronic_ok,27,152,32,2,46,672bfe683e88ac6073948563
2024-01-02 00:05:01.351282,guitar_assembled,27,152,32,2,47,672bfe683e88ac6073948564
2024-01-02 00:05:01.351282,guitar_assembled,27,152,32,1,48,672bfe683e88ac6073948565
2024-01-02 00:05:01.351282,guitar_assembled,27,152,32,0,49,672bfe683e88ac6073948566
2024-01-02 00:24:45.736770,guitar_assembled,27,150,32,0,50,672bfe683e88ac6073948567
2024-01-02 00:49:12.329399,body_made,27,150,33,0,50,672bfe683e88ac6073948568
2024-01-02 00:52:34.764403,body_made,26,150,34,0,50,672bfe693e88ac6073948569
2024-01-02 00:59:57.224026,neck_made,25,150,36,0,50,672bfe693e88ac607394856a
2024-01-02 01:00:00.000000,electronic_ok,324,150,36,0,50,672bfe693e88ac607394856b
2024-01-02 01:00:00.000000,wood_restocked,324,150,36,0,50,672bfe693e88ac607394856c
2024-01-02 01:05:01.351282,guitar_assembled,324,150,36,0,51,672bfe693e88ac607394856d
2024-01-02 01:05:01.351282,guitar_assembled,324,150,36,0,52,672bfe693e88ac607394856e
2024-01-02 01:46:47.773903,body_made,324,150,37,0,52,672bfe693e88ac607394856f
2024-01-02 01:47:45.328478,body_made,323,150,38,0,52,672bfe693e88ac6073948570
2024-01-02 01:49:43.979664,neck_made,322,150,40,0,52,672bfe693e88ac6073948571
2024-01-02 02:00:00.000000,electronic_ok,321,150,40,0,52,672bfe6a3e88ac6073948572
2024-01-02 02:14:27.012960,painting_done,321,150,40,10,52,672bfe6a3e88ac6073948573
2024-01-02 02:35:37.316143,neck_made,321,146,32,6,52,672bfe6a3e88ac6073948574
2024-01-02 02:47:48.992243,body_made,320,146,33,6,52,672bfe6a3e88ac6073948575
2024-01-02 02:55:44.515721,body_made,319,146,34,6,52,672bfe6b3e88ac6073948576
2024-01-02 03:00:00.000000,electronic_ok,318,146,34,6,52,672bfe6b3e88ac6073948577
2024-01-02 03:14:27.012960,guitar_assembled,318,146,34,6,53,672bfe6b3e88ac6073948578
2024-01-02 03:14:27.012960,guitar_assembled,318,146,34,5,54,672bfe6b3e88ac6073948579
2024-01-02 03:15:03.946490,guitar_assembled,318,144,34,4,55,672bfe6b3e88ac607394857a
2024-01-02 03:21:24.319840,guitar_assembled,318,143,34,3,56,672bfe6b3e88ac607394857b
2024-01-02 03:42:13.248431,body_made,318,142,35,2,56,672bfe6b3e88ac607394857c
2024-01-02 03:42:51.051336,neck_made,317,142,37,2,56,672bfe6b3e88ac607394857d
2024-01-02 03:54:19.230862,body_made,316,142,38,2,56,672bfe6c3e88ac607394857e
2024-01-02 04:00:00.000000,electronic_ok,315,142,38,2,56,672bfe6c3e88ac607394857f
2024-01-02 04:14:27.012960,guitar_assembled,315,142,38,2,57,672bfe6c3e88ac6073948580
2024-01-02 04:14:27.012960,guitar_assembled,315,142,38,1,58,672bfe6c3e88ac6073948581
2024-01-02 04:21:24.319840,guitar_assembled,315,140,38,0,59,672bfe6c3e88ac6073948582
2024-01-02 04:23:19.059883,guitar_assembled,315,140,38,0,60,672bfe6c3e88ac6073948583
2024-01-02 04:36:26.380697,neck_made,315,140,40,0,60,672bfe6c3e88ac6073948584
2024-01-02 04:36:26.865715,body_made,314,140,41,0,60,672bfe6c3e88ac6073948585
2024-01-02 04:45:55.491766,body_made,313,140,42,0,60,672bfe6c3e88ac6073948586
2024-01-02 05:00:00.000000,electronic_ok,312,140,42,0,60,672bfe6d3e88ac6073948587
2024-01-02 05:14:27.012960,guitar_assembled,312,140,42,0,61,672bfe6d3e88ac6073948588
2024-01-02 05:14:55.016900,neck_made,312,140,44,0,61,672bfe6d3e88ac6073948589
2024-01-02 05:19:47.272845,guitar_assembled,311,140,44,0,62,672bfe6d3e88ac607394858a
2024-01-02 05:38:30.700615,body_made,311,140,45,0,62,672bfe6d3e88ac607394858b
2024-01-02 05:50:06.779418,body_made,310,140,46,0,62,672bfe6d3e88ac607394858c
2024-01-02 06:00:00.000000,electronic_ok,309,140,46,0,63,672bfe6e3e88ac607394858d
2024-01-02 06:00:00.000000,dispatch_done,309,140,46,0,63,672bfe6e3e88ac607394858e
2024-01-02 06:16:45.581800,neck_made,309,140,48,0,63,672bfe6e3e88ac607394858f
2024-01-02 06:31:21.754549,painting_done,308,140,48,10,63,672bfe6e3e88ac6073948590
2024-01-02 06:33:08.231334,body_made,308,136,39,6,63,672bfe6e3e88ac6073948591
2024-01-02 06:47:54.667533,body_made,307,136,40,6,63,672bfe6e3e88ac6073948592
2024-01-02 07:00:00.000000,electronic_ok,306,136,40,6,63,672bfe6f3e88ac6073948593
2024-01-02 07:12:47.691525,neck_made,306,136,42,6,63,672bfe6f3e88ac6073948594
2024-01-02 07:30:11.750932,body_made,305,136,43,6,63,672bfe6f3e88ac6073948595
2024-01-02 07:31:21.754549,guitar_assembled,304,136,43,6,64,672bfe6f3e88ac6073948596
2024-01-02 07:33:21.518922,guitar_assembled,304,135,43,5,65,672bfe6f3e88ac6073948597
2024-01-02 07:34:56.339172,guitar_assembled,304,134,43,4,66,672bfe6f3e88ac6073948598
2024-01-02 07:35:50.810834,guitar_assembled,304,133,43,3,67,672bfe6f3e88ac6073948599
2024-01-02 07:52:09.013093,body_made,304,132,44,2,67,672bfe6f3e88ac607394859a
2024-01-02 08:00:00.000000,electronic_ok,303,132,44,2,67,672bfe703e88ac607394859b
2024-01-02 08:16:01.556353,neck_made,303,132,46,2,67,672bfe703e88ac607394859c
2024-01-02 08:35:50.810834,guitar_assembled,302,132,46,2,68,672bfe703e88ac607394859d
2024-01-02 08:39:22.081363,guitar_assembled,302,131,46,1,69,672bfe703e88ac607394859e
2024-01-02 08:41:24.234339,guitar_assembled,302,130,46,0,70,672bfe703e88ac607394859f
2024-01-02 08:41:30.112718,guitar_assembled,302,130,46,0,71,672bfe703e88ac60739485a0
2024-01-02 08:46:25.151591,body_made,302,130,47,0,71,672bfe703e88ac60739485a1
2024-01-02 08:49:16.864958,body_made,301,130,48,0,71,672bfe703e88ac60739485a2
2024-01-02 09:00:00.000000,wood_ok,300,130,48,0,71,672bfe713e88ac60739485a3
2024-01-02 09:00:00.000000,electronic_ok,300,130,48,0,71,672bfe713e88ac60739485a4
2024-01-02 09:12:00.372248,neck_made,300,130,50,0,71,672bfe713e88ac60739485a5
2024-01-02 09:39:22.081363,guitar_assembled,299,130,50,0,72,672bfe713e88ac60739485a6
2024-01-02 09:48:03.860619,body_made,299,130,51,0,72,672bfe713e88ac60739485a7
2024-01-02 09:48:05.473845,body_made,298,130,52,0,72,672bfe713e88ac60739485a8
2024-01-02 09:52:47.114459,guitar_assembled,297,130,52,0,73,672bfe713e88ac60739485a9
2024-01-02 09:57:20.475789,neck_made,297,130,54,0,73,672bfe723e88ac60739485aa
2024-01-02 10:00:00.000000,wood_ok,296,130,54,0,73,672bfe723e88ac60739485ab
2024-01-02 10:00:00.000000,electronic_ok,296,130,54,0,73,672bfe723e88ac60739485ac
2024-01-02 10:10:30.749844,painting_done,296,130,54,10,73,672bfe723e88ac60739485ad
2024-01-02 10:39:43.683439,body_made,296,126,45,6,73,672bfe723e88ac60739485ae
2024-01-02 10:58:59.838243,body_made,295,126,46,6,73,672bfe733e88ac60739485af
2024-01-02 11:00:00.000000,wood_ok,294,126,46,6,73,672bfe733e88ac60739485b0
2024-01-02 11:00:00.000000,electronic_ok,294,126,46,6,73,672bfe733e88ac60739485b1
2024-01-02 11:01:28.897732,neck_made,294,126,48,6,73,672bfe733e88ac60739485b2
2024-01-02 11:10:30.749844,guitar_assembled,293,126,48,6,74,672bfe733e88ac60739485b3
2024-01-02 11:13:44.184039,guitar_assembled,293,125,48,5,75,672bfe733e88ac60739485b4
2024-01-02 11:13:49.223921,guitar_assembled,293,124,48,4,76,672bfe733e88ac60739485b5
2024-01-02 11:17:21.746695,guitar_assembled,293,123,48,3,77,672bfe733e88ac60739485b6
2024-01-02 11:37:59.869069,body_made,293,122,49,2,77,672bfe733e88ac60739485b7
2024-01-02 11:51:47.102414,body_made,292,122,50,2,77,672bfe733e88ac60739485b8
2024-01-02 11:57:29.027442,neck_made,291,122,52,2,77,672bfe743e88ac60739485b9
2024-01-02 12:00:00.000000,wood_ok,290,122,52,2,77,672bfe743e88ac60739485ba
2024-01-02 12:00:00.000000,electronic_ok,290,122,52,2,77,672bfe743e88ac60739485bb
2024-01-02 12:10:30.749844,guitar_assembled,290,122,52,2,78,672bfe743e88ac60739485bc
2024-01-02 12:13:44.184039,guitar_assembled,290,121,52,1,79,672bfe743e88ac60739485bd
2024-01-02 12:18:41.961167,guitar_assembled,290,120,52,0,80,672bfe743e88ac60739485be
2024-01-02 12:25:02.136600,guitar_assembled,290,120,52,0,81,672bfe743e88ac60739485bf
2024-01-02 12:43:53.824102,body_made,290,120,53,0,81,672bfe743e88ac60739485c0
2024-01-02 12:53:11.894364,body_made,289,120,54,0,81,672bfe753e88ac60739485c1
2024-01-02 12:58:09.349870,neck_made,288,120,56,0,81,672bfe753e88ac60739485c2
2024-01-02 13:00:00.000000,wood_ok,287,120,56,0,81,672bfe753e88ac60739485c3
2024-01-02 13:00:00.000000,electronic_ok,287,120,56,0,81,672bfe753e88ac60739485c4
2024-01-02 13:10:30.749844,guitar_assembled,287,120,56,0,82,672bfe753e88ac60739485c5
2024-01-02 13:13:44.184039,guitar_assembled,287,120,56,0,83,672bfe753e88ac60739485c6
2024-01-02 13:57:02.728458,body_made,287,120,57,0,83,672bfe763e88ac60739485c7
2024-01-02 13:57:24.542049,body_made,286,120,58,0,83,672bfe763e88ac60739485c8
2024-01-02 14:00:00.000000,wood_ok,285,120,58,0,83,672bfe763e88ac60739485c9
2024-01-02 14:00:00.000000,electronic_ok,285,120,58,0,83,672bfe763e88ac60739485ca
2024-01-02 14:12:10.676251,neck_made,285,120,60,0,83,672bfe763e88ac60739485cb
2024-01-02 14:20:59.309890,painting_done,284,120,60,10,83,672bfe763e88ac60739485cc
2024-01-02 14:52:58.882495,body_made,284,116,51,6,83,672bfe773e88ac60739485cd
2024-01-02 14:55:52.503789,body_made,283,116,52,6,83,672bfe773e88ac60739485ce
2024-01-02 15:00:00.000000,wood_ok,282,116,52,6,83,672bfe773e88ac60739485cf
2024-01-02 15:00:00.000000,electronic_ok,282,116,52,6,83,672bfe773e88ac60739485d0
2024-01-02 15:20:59.309890,guitar_assembled,282,116,52,6,84,672bfe773e88ac60739485d1
2024-01-02 15:20:59.309890,guitar_assembled,282,116,52,5,85,672bfe773e88ac60739485d2
2024-01-02 15:23:16.608947,guitar_assembled,282,114,52,4,86,672bfe773e88ac60739485d3
2024-01-02 15:29:53.427028,neck_made,282,113,54,3,86,672bfe773e88ac60739485d4
2024-01-02 15:36:38.718134,guitar_assembled,281,113,54,3,87,672bfe773e88ac60739485d5
2024-01-02 15:48:08.910692,body_made,281,112,55,2,87,672bfe773e88ac60739485d6
2024-01-02 15:48:50.987344,body_made,280,112,56,2,87,672bfe773e88ac60739485d7
2024-01-02 16:00:00.000000,wood_ok,279,112,56,2,88,672bfe783e88ac60739485d8
2024-01-02 16:00:00.000000,electronic_ok,279,112,56,2,88,672bfe783e88ac60739485d9
2024-01-02 16:00:00.000000,dispatch_done,279,112,56,2,88,672bfe783e88ac60739485da
2024-01-02 16:20:59.309890,guitar_assembled,279,112,56,2,89,672bfe783e88ac60739485db
2024-01-02 16:20:59.309890,guitar_assembled,279,112,56,1,90,672bfe783e88ac60739485dc
2024-01-02 16:28:57.442536,guitar_assembled,279,110,56,0,91,672bfe783e88ac60739485dd
2024-01-02 16:36:25.182334,neck_made,279,110,58,0,91,672bfe783e88ac60739485de
2024-01-02 16:40:40.727049,guitar_assembled,278,110,58,0,92,672bfe783e88ac60739485df
2024-01-02 16:45:04.949056,body_made,278,110,59,0,92,672bfe783e88ac60739485e0
2024-01-02 16:48:08.979999,body_made,277,110,60,0,92,672bfe783e88ac60739485e1
2024-01-02 17:00:00.000000,wood_ok,276,110,60,0,92,672bfe793e88ac60739485e2
2024-01-02 17:00:00.000000,electronic_ok,276,110,60,0,92,672bfe793e88ac60739485e3
2024-01-02 17:20:59.309890,guitar_assembled,276,110,60,0,93,672bfe793e88ac60739485e4
2024-01-02 17:20:59.309890,guitar_assembled,276,110,60,0,94,672bfe793e88ac60739485e5
2024-01-02 17:43:26.579270,neck_made,276,110,62,0,94,672bfe793e88ac60739485e6
2024-01-02 17:48:45.136329,body_made,275,110,63,0,94,672bfe793e88ac60739485e7
2024-01-02 17:52:49.163949,body_made,274,110,64,0,94,672bfe7a3e88ac60739485e8
2024-01-02 18:00:00.000000,wood_ok,273,110,64,0,94,672bfe7a3e88ac60739485e9
2024-01-02 18:00:00.000000,electronic_ok,273,110,64,0,94,672bfe7a3e88ac60739485ea
2024-01-02 18:14:19.388480,neck_made,273,110,66,0,94,672bfe7a3e88ac60739485eb
2024-01-02 18:34:23.116105,painting_done,272,110,66,10,94,672bfe7a3e88ac60739485ec
2024-01-02 18:46:34.096433,body_made,272,106,57,6,94,672bfe7a3e88ac60739485ed
2024-01-02 18:55:18.456750,body_made,271,106,58,6,94,672bfe7b3e88ac60739485ee
2024-01-02 19:00:00.000000,wood_ok,270,106,58,6,94,672bfe7b3e88ac60739485ef
2024-01-02 19:00:00.000000,electronic_ok,270,106,58,6,94,672bfe7b3e88ac60739485f0
2024-01-02 19:23:11.260193,neck_made,270,106,60,6,94,672bfe7b3e88ac60739485f1
2024-01-02 19:34:23.116105,guitar_assembled,269,106,60,6,95,672bfe7b3e88ac60739485f2
2024-01-02 19:34:23.116105,guitar_assembled,269,106,60,5,96,672bfe7b3e88ac60739485f3
2024-01-02 19:34:23.116105,guitar_assembled,269,106,60,4,97,672bfe7b3e88ac60739485f4
2024-01-02 19:43:34.616515,body_made,269,103,61,3,97,672bfe7b3e88ac60739485f5
2024-01-02 19:53:05.698965,body_made,268,103,62,3,97,672bfe7c3e88ac60739485f6
2024-01-02 19:57:51.073499,guitar_assembled,267,103,62,3,98,672bfe7c3e88ac60739485f7
2024-01-02 20:00:00.000000,wood_ok,267,102,62,2,98,672bfe7c3e88ac60739485f8
2024-01-02 20:00:00.000000,electronic_ok,267,102,62,2,98,672bfe7c3e88ac60739485f9
2024-01-02 20:15:01.579537,neck_made,267,102,64,2,98,672bfe7c3e88ac60739485fa
2024-01-02 20:34:23.116105,guitar_assembled,266,102,64,2,99,672bfe7c3e88ac60739485fb
2024-01-02 20:34:23.116105,guitar_assembled,266,102,64,1,100,672bfe7c3e88ac60739485fc
2024-01-02 20:39:35.273787,body_made,266,100,65,0,100,672bfe7c3e88ac60739485fd
2024-01-02 20:44:06.253011,guitar_assembled,265,100,65,0,101,672bfe7c3e88ac60739485fe
2024-01-02 20:52:30.487364,body_made,265,100,66,0,101,672bfe7d3e88ac60739485ff
2024-01-02 21:00:00.000000,wood_ok,264,100,66,0,101,672bfe7d3e88ac6073948600
2024-01-02 21:00:00.000000,electronic_ok,264,100,66,0,101,672bfe7d3e88ac6073948601
2024-01-02 21:02:47.908132,neck_made,264,100,68,0,101,672bfe7d3e88ac6073948602
2024-01-02 21:06:03.696135,guitar_assembled,263,100,68,0,102,672bfe7d3e88ac6073948603
2024-01-02 21:34:23.116105,guitar_assembled,263,100,68,0,103,672bfe7d3e88ac6073948604
2024-01-02 21:34:23.116105,guitar_assembled,263,100,68,0,104,672bfe7d3e88ac6073948605
2024-01-02 21:45:00.569662,body_made,263,100,69,0,104,672bfe7d3e88ac6073948606
2024-01-02 21:49:43.983893,body_made,262,100,70,0,104,672bfe7d3e88ac6073948607
2024-01-02 22:00:00.000000,wood_ok,261,100,70,0,104,672bfe7e3e88ac6073948608
2024-01-02 22:00:00.000000,electronic_ok,261,100,70,0,104,672bfe7e3e88ac6073948609
2024-01-02 22:02:49.566614,neck_made,261,100,72,0,104,672bfe7e3e88ac607394860a
2024-01-02 22:41:58.796564,painting_done,260,100,72,10,104,672bfe7e3e88ac607394860b
2024-01-02 22:47:32.180647,body_made,260,96,63,6,104,672bfe7e3e88ac607394860c
2024-01-02 22:51:47.549125,body_made,259,96,64,6,104,672bfe7e3e88ac607394860d
2024-01-02 23:00:00.000000,wood_ok,258,96,64,6,104,672bfe7f3e88ac607394860e
2024-01-02 23:00:00.000000,electronic_ok,258,96,64,6,104,672bfe7f3e88ac607394860f
2024-01-02 23:12:27.591961,neck_made,258,96,66,6,104,672bfe7f3e88ac6073948610
2024-01-02 23:41:58.796564,guitar_assembled,257,96,66,6,105,672bfe7f3e88ac6073948611
2024-01-02 23:42:54.939290,guitar_assembled,257,95,66,5,106,672bfe7f3e88ac6073948612
2024-01-02 23:48:08.582879,guitar_assembled,257,94,66,4,107,672bfe7f3e88ac6073948613
2024-01-02 23:49:37.475900,body_made,257,93,67,3,107,672bfe7f3e88ac6073948614
2024-01-02 23:54:07.826337,guitar_assembled,256,93,67,3,108,672bfe803e88ac6073948615
2024-01-02 23:54:26.041807,body_made,256,92,68,2,108,672bfe803e88ac6073948616
2024-01-03 00:00:00.000000,wood_ok,255,92,68,2,108,672bfe803e88ac6073948617
2024-01-03 00:00:00.000000,electronic_ok,255,92,68,2,108,672bfe803e88ac6073948618
2024-01-03 00:08:54.501621,neck_made,255,92,70,2,108,672bfe803e88ac6073948619
2024-01-03 00:42:54.939290,guitar_assembled,254,92,70,2,109,672bfe803e88ac607394861a
2024-01-03 00:44:26.617850,guitar_assembled,254,91,70,1,110,672bfe803e88ac607394861b
2024-01-03 00:45:54.009162,body_made,254,90,71,0,110,672bfe803e88ac607394861c
2024-01-03 00:48:08.582879,guitar_assembled,253,90,71,0,111,672bfe803e88ac607394861d
2024-01-03 01:00:00.000000,wood_ok,253,90,71,0,111,672bfe813e88ac607394861e
2024-01-03 01:00:00.000000,electronic_ok,253,90,71,0,111,672bfe813e88ac607394861f
2024-01-03 01:03:06.256764,body_made,253,90,72,0,111,672bfe813e88ac6073948620
2024-01-03 01:11:50.118461,guitar_assembled,252,90,72,0,112,672bfe813e88ac6073948621
2024-01-03 01:14:19.174499,neck_made,252,90,74,0,112,672bfe813e88ac6073948622
2024-01-03 01:42:54.939290,guitar_assembled,251,90,74,0,113,672bfe813e88ac6073948623
2024-01-03 01:44:26.617850,guitar_assembled,251,90,74,0,114,672bfe813e88ac6073948624
2024-01-03 01:48:17.907601,body_made,251,90,75,0,114,672bfe813e88ac6073948625
2024-01-03 02:00:00.000000,wood_ok,250,90,75,0,115,672bfe823e88ac6073948626
2024-01-03 02:00:00.000000,electronic_ok,250,90,75,0,115,672bfe823e88ac6073948627
2024-01-03 02:00:00.000000,dispatch_done,250,90,75,0,115,672bfe823e88ac6073948628
2024-01-03 02:11:24.607734,body_made,250,90,76,0,115,672bfe823e88ac6073948629
2024-01-03 02:13:03.094741,neck_made,249,90,78,0,115,672bfe823e88ac607394862a
2024-01-03 02:33:49.504211,painting_done,248,90,78,10,115,672bfe823e88ac607394862b
2024-01-03 02:42:02.197490,body_made,248,86,69,6,115,672bfe823e88ac607394862c
2024-01-03 03:00:00.000000,wood_ok,247,86,69,6,115,672bfe833e88ac607394862d
2024-01-03 03:00:00.000000,electronic_ok,247,86,69,6,115,672bfe833e88ac607394862e
2024-01-03 03:02:07.519571,neck_made,247,86,71,6,115,672bfe833e88ac607394862f
2024-01-03 03:10:03.372649,body_made,246,86,72,6,115,672bfe833e88ac6073948630
2024-01-03 03:33:49.504211,guitar_assembled,245,86,72,6,116,672bfe833e88ac6073948631
2024-01-03 03:42:24.692488,guitar_assembled,245,85,72,5,117,672bfe833e88ac6073948632
2024-01-03 03:47:39.155953,neck_made,245,84,74,4,117,672bfe833e88ac6073948633
2024-01-03 03:49:10.788907,guitar_assembled,244,84,74,4,118,672bfe833e88ac6073948634
2024-01-03 03:49:37.230588,body_made,244,83,75,3,118,672bfe833e88ac6073948635
2024-01-03 03:54:46.195288,guitar_assembled,243,83,75,3,119,672bfe843e88ac6073948636
2024-01-03 04:00:00.000000,wood_ok,243,82,75,2,119,672bfe843e88ac6073948637
2024-01-03 04:00:00.000000,electronic_ok,243,82,75,2,119,672bfe843e88ac6073948638
2024-01-03 04:16:49.969630,body_made,243,82,76,2,119,672bfe843e88ac6073948639
2024-01-03 04:33:49.504211,guitar_assembled,242,82,76,2,120,672bfe843e88ac607394863a
2024-01-03 04:42:24.692488,guitar_assembled,242,81,76,1,121,672bfe843e88ac607394863b
2024-01-03 04:47:44.501429,body_made,242,80,77,0,121,672bfe843e88ac607394863c
2024-01-03 04:49:10.788907,guitar_assembled,241,80,77,0,122,672bfe843e88ac607394863d
2024-01-03 04:54:46.195288,guitar_assembled,241,80,77,0,123,672bfe853e88ac607394863e
2024-01-03 04:58:01.957144,neck_made,241,80,79,0,123,672bfe853e88ac607394863f
2024-01-03 05:00:00.000000,wood_ok,240,80,79,0,123,672bfe853e88ac6073948640
2024-01-03 05:00:00.000000,electronic_ok,240,80,79,0,123,672bfe853e88ac6073948641
2024-01-03 05:11:21.066763,body_made,240,80,80,0,123,672bfe853e88ac6073948642
2024-01-03 05:33:49.504211,guitar_assembled,239,80,80,0,124,672bfe853e88ac6073948643
2024-01-03 05:42:24.692488,guitar_assembled,239,80,80,0,125,672bfe853e88ac6073948644
2024-01-03 05:42:37.050518,body_made,239,80,81,0,125,672bfe853e88ac6073948645
2024-01-03 05:43:19.604401,neck_made,238,80,83,0,125,672bfe853e88ac6073948646
2024-01-03 06:00:00.000000,wood_ok,237,80,83,0,125,672bfe863e88ac6073948647
2024-01-03 06:00:00.000000,electronic_ok,237,80,83,0,125,672bfe863e88ac6073948648
2024-01-03 06:10:19.927574,body_made,237,80,84,0,125,672bfe863e88ac6073948649
2024-01-03 06:33:51.162844,neck_made,236,80,86,0,125,672bfe863e88ac607394864a
2024-01-03 06:45:26.274392,painting_done,235,80,86,10,125,672bfe863e88ac607394864b
2024-01-03 06:48:00.187763,body_made,235,76,77,6,125,672bfe863e88ac607394864c
2024-01-03 06:58:16.247448,body_made,234,76,78,6,125,672bfe873e88ac607394864d
2024-01-03 07:00:00.000000,wood_ok,233,76,78,6,125,672bfe873e88ac607394864e
2024-01-03 07:00:00.000000,electronic_ok,233,76,78,6,125,672bfe873e88ac607394864f
2024-01-03 07:34:10.420138,neck_made,233,76,80,6,125,672bfe873e88ac6073948650
2024-01-03 07:45:26.274392,guitar_assembled,232,76,80,6,126,672bfe873e88ac6073948651
2024-01-03 07:45:26.274392,guitar_assembled,232,76,80,5,127,672bfe873e88ac6073948652
2024-01-03 07:45:26.274392,guitar_assembled,232,76,80,4,128,672bfe873e88ac6073948653
2024-01-03 07:46:28.803819,body_made,232,73,81,3,128,672bfe873e88ac6073948654
2024-01-03 08:00:00.000000,wood_ok,231,73,81,3,128,672bfe883e88ac6073948655
2024-01-03 08:00:00.000000,electronic_ok,231,73,81,3,128,672bfe883e88ac6073948656
2024-01-03 08:01:49.751502,guitar_assembled,231,73,81,3,129,672bfe883e88ac6073948657
2024-01-03 08:04:29.624592,body_made,231,72,82,2,129,672bfe883e88ac6073948658
2024-01-03 08:33:00.979440,neck_made,230,72,84,2,129,672bfe883e88ac6073948659
2024-01-03 08:57:21.536068,body_made,229,72,85,2,129,672bfe893e88ac607394865a
2024-01-03 08:57:21.662643,body_made,228,72,86,2,129,672bfe893e88ac607394865b
2024-01-03 09:00:00.000000,wood_ok,227,72,86,2,129,672bfe893e88ac607394865c
2024-01-03 09:00:00.000000,electronic_ok,227,72,86,2,129,672bfe893e88ac607394865d
2024-01-03 09:01:49.751502,guitar_assembled,227,72,86,2,130,672bfe893e88ac607394865e
2024-01-03 09:04:38.133354,guitar_assembled,227,71,86,1,131,672bfe893e88ac607394865f
2024-01-03 09:06:05.173282,guitar_assembled,227,70,86,0,132,672bfe893e88ac6073948660
2024-01-03 09:15:42.915654,guitar_assembled,227,70,86,0,133,672bfe893e88ac6073948661
2024-01-03 09:43:14.385475,neck_made,227,70,88,0,133,672bfe893e88ac6073948662
2024-01-03 10:00:00.000000,wood_ok,226,70,88,0,133,672bfe8a3e88ac6073948663
2024-01-03 10:00:00.000000,electronic_ok,226,70,88,0,133,672bfe8a3e88ac6073948664
2024-01-03 10:02:54.982427,body_made,226,70,89,0,133,672bfe8a3e88ac6073948665
2024-01-03 10:04:19.956539,body_made,225,70,90,0,133,672bfe8a3e88ac6073948666
2024-01-03 10:04:38.133354,guitar_assembled,224,70,90,0,134,672bfe8a3e88ac6073948667
2024-01-03 10:11:04.506057,painting_done,224,70,90,10,134,672bfe8a3e88ac6073948668
2024-01-03 10:14:21.270276,guitar_assembled,224,67,80,7,135,672bfe8a3e88ac6073948669
2024-01-03 10:51:00.354892,neck_made,224,66,82,6,135,672bfe8a3e88ac607394866a
2024-01-03 11:00:00.000000,wood_ok,223,66,82,6,135,672bfe8b3e88ac607394866b
2024-01-03 11:00:00.000000,electronic_ok,223,66,82,6,135,672bfe8b3e88ac607394866c
2024-01-03 11:01:24.617985,body_made,223,66,83,6,135,672bfe8b3e88ac607394866d
2024-01-03 11:02:47.420648,body_made,222,66,84,6,135,672bfe8b3e88ac607394866e
2024-01-03 11:11:04.506057,guitar_assembled,221,66,84,6,136,672bfe8b3e88ac607394866f
2024-01-03 11:11:26.294250,guitar_assembled,221,65,84,5,137,672bfe8b3e88ac6073948670
2024-01-03 11:14:46.506405,guitar_assembled,221,64,84,4,138,672bfe8b3e88ac6073948671
2024-01-03 11:26:58.840750,guitar_assembled,221,63,84,3,139,672bfe8b3e88ac6073948672
2024-01-03 11:40:13.545615,neck_made,221,62,86,2,139,672bfe8b3e88ac6073948673
2024-01-03 11:54:58.677075,body_made,220,62,87,2,139,672bfe8c3e88ac6073948674
2024-01-03 12:00:00.000000,wood_ok,219,62,87,2,140,672bfe8c3e88ac6073948675
2024-01-03 12:00:00.000000,electronic_below_critical,219,62,87,2,140,672bfe8c3e88ac6073948676
2024-01-03 12:00:00.000000,dispatch_done,219,62,87,2,140,672bfe8c3e88ac6073948677
2024-01-03 12:07:37.265459,body_made,219,62,88,2,140,672bfe8c3e88ac6073948678
2024-01-03 12:14:46.506405,guitar_assembled,218,62,88,2,141,672bfe8c3e88ac6073948679
2024-01-03 12:16:31.567073,guitar_assembled,218,61,88,1,142,672bfe8c3e88ac607394867a
2024-01-03 12:20:32.568908,guitar_assembled,218,60,88,0,143,672bfe8c3e88ac607394867b
2024-01-03 12:20:56.786656,neck_made,218,60,90,0,143,672bfe8c3e88ac607394867c
2024-01-03 12:33:22.281752,guitar_assembled,217,60,90,0,144,672bfe8c3e88ac607394867d
2024-01-03 13:00:00.000000,wood_ok,217,60,90,0,144,672bfe8d3e88ac607394867e
2024-01-03 13:06:01.450385,body_made,217,60,91,0,144,672bfe8d3e88ac607394867f
2024-01-03 13:08:44.441736,body_made,216,60,92,0,144,672bfe8d3e88ac6073948680
2024-01-03 13:14:46.506405,guitar_assembled,215,60,92,0,145,672bfe8d3e88ac6073948681
2024-01-03 13:18:13.557465,neck_made,215,60,94,0,145,672bfe8d3e88ac6073948682
2024-01-03 13:24:55.835541,guitar_assembled,214,60,94,0,146,672bfe8d3e88ac6073948683
2024-01-03 14:00:00.000000,wood_ok,214,60,94,0,146,672bfe8e3e88ac6073948684
2024-01-03 14:07:04.371114,body_made,214,60,95,0,146,672bfe8e3e88ac6073948685
2024-01-03 14:07:16.551382,neck_made,213,60,97,0,146,672bfe8e3e88ac6073948686
2024-01-03 14:10:58.530976,body_made,212,60,98,0,146,672bfe8e3e88ac6073948687
2024-01-03 14:24:42.600900,painting_done,211,60,98,10,146,672bfe8e3e88ac6073948688
2024-01-03 14:56:17.304919,body_made,211,56,89,6,146,672bfe8f3e88ac6073948689
2024-01-03 15:00:00.000000,wood_ok,210,56,89,6,146,672bfe8f3e88ac607394868a
2024-01-03 15:16:22.473196,neck_made,210,56,91,6,146,672bfe8f3e88ac607394868b
2024-01-03 15:19:10.304919,body_made,209,56,92,6,146,672bfe8f3e88ac607394868c
2024-01-03 15:24:42.600900,guitar_assembled,208,56,92,6,147,672bfe8f3e88ac607394868d
2024-01-03 15:24:42.600900,guitar_assembled,208,56,92,5,148,672bfe8f3e88ac607394868e
2024-01-03 15:31:02.034607,guitar_assembled,208,54,92,4,149,672bfe8f3e88ac607394868f
2024-01-03 15:32:16.552425,guitar_assembled,208,53,92,3,150,672bfe8f3e88ac6073948690
2024-01-03 15:58:53.510921,body_made,208,52,93,2,150,672bfe903e88ac6073948691
2024-01-03 16:00:00.000000,wood_ok,207,52,93,2,150,672bfe903e88ac6073948692
2024-01-03 16:07:42.453114,neck_made,207,52,95,2,150,672bfe903e88ac6073948693
2024-01-03 16:16:26.296721,body_made,206,52,96,2,150,672bfe903e88ac6073948694
2024-01-03 16:29:47.101961,guitar_assembled,205,52,96,2,151,672bfe903e88ac6073948695
2024-01-03 16:32:16.552425,guitar_assembled,205,51,96,1,152,672bfe903e88ac6073948696
2024-01-03 16:33:38.489793,guitar_assembled,205,50,96,0,153,672bfe903e88ac6073948697
2024-01-03 16:41:42.043490,guitar_assembled,205,50,96,0,154,672bfe903e88ac6073948698
2024-01-03 17:00:00.000000,wood_ok,205,50,96,0,154,672bfe913e88ac6073948699
2024-01-03 17:03:56.658229,body_made,205,50,97,0,154,672bfe913e88ac607394869a
2024-01-03 17:12:17.288925,body_made,204,50,98,0,154,672bfe913e88ac607394869b
2024-01-03 17:19:14.228017,neck_made,203,50,100,0,154,672bfe913e88ac607394869c
2024-01-03 17:32:16.552425,guitar_assembled,202,50,100,0,155,672bfe913e88ac607394869d
2024-01-03 17:39:37.079060,guitar_assembled,202,50,100,0,156,672bfe913e88ac607394869e
2024-01-03 18:00:00.000000,wood_ok,202,50,100,0,156,672bfe923e88ac607394869f
2024-01-03 18:05:03.144985,body_made,202,50,100,0,156,672bfe923e88ac60739486a0
2024-01-03 18:11:38.703206,neck_made,201,50,100,0,156,672bfe923e88ac60739486a1
2024-01-03 18:16:22.080608,body_made,200,50,100,0,156,672bfe923e88ac60739486a2
2024-01-03 18:19:30.808503,painting_done,199,50,100,10,156,672bfe923e88ac60739486a3
2024-01-03 19:00:00.000000,wood_ok,199,46,94,6,156,672bfe933e88ac60739486a4
2024-01-03 19:15:35.878772,body_made,199,46,95,6,156,672bfe933e88ac60739486a5
2024-01-03 19:16:03.494417,body_made,198,46,96,6,156,672bfe933e88ac60739486a6
2024-01-03 19:19:30.808503,guitar_assembled,197,46,96,6,157,672bfe933e88ac60739486a7
2024-01-03 19:19:30.808503,guitar_assembled,197,46,96,5,158,672bfe933e88ac60739486a8
2024-01-03 19:20:31.828413,neck_made,197,44,98,4,158,672bfe933e88ac60739486a9
2024-01-03 19:22:27.740049,guitar_assembled,196,44,98,4,159,672bfe933e88ac60739486aa
2024-01-03 19:22:29.304490,guitar_assembled,196,43,98,3,160,672bfe933e88ac60739486ab
2024-01-03 20:00:00.000000,wood_ok,196,42,98,2,160,672bfe943e88ac60739486ac
2024-01-03 20:17:47.872139,body_made,196,42,99,2,160,672bfe943e88ac60739486ad
2024-01-03 20:19:30.808503,guitar_assembled,195,42,99,2,161,672bfe943e88ac60739486ae
2024-01-03 20:26:35.103527,body_made,195,41,100,1,161,672bfe943e88ac60739486af
2024-01-03 20:30:17.677157,neck_made,194,41,100,1,161,672bfe943e88ac60739486b0
2024-01-03 20:30:43.548047,guitar_assembled,193,41,100,1,162,672bfe943e88ac60739486b1
2024-01-03 20:34:16.327332,guitar_assembled,193,40,100,0,163,672bfe943e88ac60739486b2
2024-01-03 20:37:16.300274,guitar_assembled,193,40,100,0,164,672bfe943e88ac60739486b3
2024-01-03 21:00:00.000000,wood_ok,193,70,100,0,164,672bfe953e88ac60739486b4
2024-01-03 21:00:00.000000,electronic_restocked,193,70,100,0,164,672bfe953e88ac60739486b5
2024-01-03 21:14:35.908270,body_made,193,70,100,0,164,672bfe953e88ac60739486b6
2024-01-03 21:30:11.907219,body_made,192,70,100,0,164,672bfe953e88ac60739486b7
2024-01-03 21:33:24.205079,guitar_assembled,191,70,100,0,165,672bfe953e88ac60739486b8
2024-01-03 21:34:29.360697,guitar_assembled,191,70,100,0,166,672bfe953e88ac60739486b9
2024-01-03 21:38:19.659337,neck_made,191,70,100,0,166,672bfe953e88ac60739486ba
2024-01-03 22:00:00.000000,wood_ok,190,70,100,0,167,672bfe963e88ac60739486bb
2024-01-03 22:00:00.000000,dispatch_done,190,70,100,0,167,672bfe963e88ac60739486bc
2024-01-03 22:03:27.147920,painting_done,190,70,100,10,167,672bfe963e88ac60739486bd
2024-01-03 22:09:12.391338,body_made,190,66,97,6,167,672bfe963e88ac60739486be
2024-01-03 22:23:29.107911,body_made,189,66,98,6,167,672bfe963e88ac60739486bf
2024-01-03 22:34:39.436797,neck_made,188,66,100,6,167,672bfe963e88ac60739486c0
2024-01-03 23:00:00.000000,wood_ok,187,66,100,6,167,672bfe973e88ac60739486c1
2024-01-03 23:03:27.147920,guitar_assembled,187,66,100,6,168,672bfe973e88ac60739486c2
2024-01-03 23:03:27.147920,guitar_assembled,187,66,100,5,169,672bfe973e88ac60739486c3
2024-01-03 23:18:39.911728,body_made,187,64,100,4,169,672bfe973e88ac60739486c4
2024-01-03 23:20:34.183231,guitar_assembled,186,64,100,4,170,672bfe973e88ac60739486c5
2024-01-03 23:20:35.665924,guitar_assembled,186,63,100,3,171,672bfe973e88ac60739486c6
2024-01-03 23:21:25.966196,body_made,186,62,100,2,171,672bfe973e88ac60739486c7
2024-01-03 23:34:51.916719,neck_made,185,62,100,2,171,672bfe973e88ac60739486c8
2024-01-04 00:00:00.000000,wood_ok,184,62,100,2,171,672bfe983e88ac60739486c9
2024-01-04 00:03:27.147920,guitar_assembled,184,62,100,2,172,672bfe983e88ac60739486ca
2024-01-04 00:09:23.481090,guitar_assembled,184,61,100,1,173,672bfe983e88ac60739486cb
2024-01-04 00:14:55.980804,body_made,184,60,100,0,173,672bfe983e88ac60739486cc
2024-01-04 00:20:16.773596,body_made,183,60,100,0,173,672bfe983e88ac60739486cd
2024-01-04 00:20:34.183231,guitar_assembled,182,60,100,0,174,672bfe983e88ac60739486ce
2024-01-04 00:20:35.665924,guitar_assembled,182,60,100,0,175,672bfe983e88ac60739486cf
2024-01-04 00:30:31.512878,neck_made,182,60,100,0,175,672bfe983e88ac60739486d0
2024-01-04 01:00:00.000000,wood_ok,181,60,100,0,175,672bfe993e88ac60739486d1
2024-01-04 01:03:27.147920,guitar_assembled,181,60,100,0,176,672bfe993e88ac60739486d2
2024-01-04 01:09:23.481090,guitar_assembled,181,60,100,0,177,672bfe993e88ac60739486d3
2024-01-04 01:23:32.602949,body_made,181,60,100,0,177,672bfe993e88ac60739486d4
2024-01-04 01:23:48.813141,neck_made,180,60,100,0,177,672bfe993e88ac60739486d5
2024-01-04 01:25:54.742975,body_made,179,60,100,0,177,672bfe993e88ac60739486d6
2024-01-04 01:55:12.011599,painting_done,178,60,100,10,177,672bfe9a3e88ac60739486d7
2024-01-04 02:00:00.000000,wood_ok,178,56,99,6,177,672bfe9a3e88ac60739486d8
2024-01-04 02:09:59.551093,body_made,178,56,99,6,177,672bfe9a3e88ac60739486d9
2024-01-04 02:30:59.139425,body_made,177,56,99,6,177,672bfe9a3e88ac60739486da
2024-01-04 02:33:54.364449,neck_made,176,56,99,6,177,672bfe9a3e88ac60739486db
2024-01-04 02:55:12.011599,guitar_assembled,175,56,99,6,178,672bfe9b3e88ac60739486dc
2024-01-04 02:55:12.011599,guitar_assembled,175,56,99,5,179,672bfe9b3e88ac60739486dd
2024-01-04 03:00:00.000000,wood_ok,175,54,99,4,179,672bfe9b3e88ac60739486de
2024-01-04 03:02:07.626388,body_made,175,54,99,4,179,672bfe9b3e88ac60739486df
2024-01-04 03:04:31.288331,guitar_assembled,174,54,99,4,180,672bfe9b3e88ac60739486e0
2024-01-04 03:08:36.725279,guitar_assembled,174,53,99,3,181,672bfe9b3e88ac60739486e1
2024-01-04 03:30:53.774895,body_made,174,52,99,2,181,672bfe9b3e88ac60739486e2
2024-01-04 03:36:02.836387,neck_made,173,52,99,2,181,672bfe9b3e88ac60739486e3
2024-01-04 03:55:12.011599,guitar_assembled,172,52,99,2,182,672bfe9c3e88ac60739486e4
2024-01-04 03:55:12.011599,guitar_assembled,172,52,99,1,183,672bfe9c3e88ac60739486e5
2024-01-04 04:00:00.000000,wood_ok,172,50,99,0,183,672bfe9c3e88ac60739486e6
2024-01-04 04:04:31.288331,guitar_assembled,172,50,99,0,184,672bfe9c3e88ac60739486e7
2024-01-04 04:08:36.725279,guitar_assembled,172,50,99,0,185,672bfe9c3e88ac60739486e8
2024-01-04 04:14:06.020676,body_made,172,50,99,0,185,672bfe9c3e88ac60739486e9
2024-01-04 04:24:32.168898,body_made,171,50,99,0,185,672bfe9c3e88ac60739486ea
2024-01-04 04:36:10.688588,neck_made,170,50,99,0,185,672bfe9c3e88ac60739486eb
2024-01-04 04:55:12.011599,guitar_assembled,169,50,99,0,186,672bfe9d3e88ac60739486ec
2024-01-04 04:55:12.011599,guitar_assembled,169,50,99,0,187,672bfe9d3e88ac60739486ed
2024-01-04 05:00:00.000000,electronic_below_critical,169,50,99,0,187,672bfe9d3e88ac60739486ee
2024-01-04 05:00:00.000000,wood_ok,169,50,99,0,187,672bfe9d3e88ac60739486ef
2024-01-04 05:18:28.093769,body_made,169,50,99,0,187,672bfe9d3e88ac60739486f0
2024-01-04 05:26:21.479239,body_made,168,50,99,0,187,672bfe9d3e88ac60739486f1
2024-01-04 05:29:51.509040,neck_made,167,50,99,0,187,672bfe9d3e88ac60739486f2
2024-01-04 05:47:07.119569,painting_done,166,50,99,10,187,672bfe9d3e88ac60739486f3
2024-01-04 06:00:00.000000,wood_ok,166,46,100,6,187,672bfe9e3e88ac60739486f4
2024-01-04 06:17:05.514781,neck_made,166,46,100,6,187,672bfe9e3e88ac60739486f5
2024-01-04 06:18:53.660105,body_made,165,46,100,6,187,672bfe9e3e88ac60739486f6
2024-01-04 06:21:26.244469,body_made,164,46,100,6,187,672bfe9e3e88ac60739486f7
2024-01-04 06:47:07.119569,guitar_assembled,163,46,100,6,188,672bfe9e3e88ac60739486f8
2024-01-04 06:47:07.119569,guitar_assembled,163,46,100,5,189,672bfe9e3e88ac60739486f9
2024-01-04 06:47:07.119569,guitar_assembled,163,46,100,4,190,672bfe9e3e88ac60739486fa
2024-01-04 07:00:00.000000,wood_ok,163,43,100,3,190,672bfe9f3e88ac60739486fb
2024-01-04 07:03:12.231854,guitar_assembled,163,43,100,3,191,672bfe9f3e88ac60739486fc
2024-01-04 07:16:35.780816,neck_made,163,42,100,2,191,672bfe9f3e88ac60739486fd
2024-01-04 07:19:59.747671,body_made,162,42,100,2,191,672bfe9f3e88ac60739486fe
2024-01-04 07:24:02.725706,body_made,161,42,100,2,191,672bfe9f3e88ac60739486ff
2024-01-04 07:53:43.929054,guitar_assembled,160,42,100,2,192,672bfea03e88ac6073948700
2024-01-04 07:54:51.134977,guitar_assembled,160,41,100,1,193,672bfea03e88ac6073948701
2024-01-04 08:00:00.000000,wood_ok,160,40,100,0,194,672bfea03e88ac6073948702
2024-01-04 08:00:00.000000,dispatch_done,160,40,100,0,194,672bfea03e88ac6073948703
2024-01-04 08:03:12.231854,guitar_assembled,160,40,100,0,195,672bfea03e88ac6073948704
2024-01-04 08:06:07.231169,guitar_assembled,160,40,100,0,196,672bfea03e88ac6073948705
2024-01-04 08:09:21.644028,neck_made,160,40,100,0,196,672bfea03e88ac6073948706
2024-01-04 08:19:31.614005,body_made,159,40,100,0,196,672bfea03e88ac6073948707
2024-01-04 08:25:23.750259,body_made,158,40,100,0,196,672bfea03e88ac6073948708
2024-01-04 08:54:51.134977,guitar_assembled,157,40,100,0,197,672bfea13e88ac6073948709
2024-01-04 09:00:00.000000,wood_ok,157,40,100,0,197,672bfea13e88ac607394870a
2024-01-04 09:13:53.921760,guitar_assembled,157,40,100,0,198,672bfea13e88ac607394870b
2024-01-04 09:17:15.671224,neck_made,157,40,100,0,198,672bfea13e88ac607394870c
2024-01-04 09:30:16.168545,body_made,156,40,100,0,198,672bfea13e88ac607394870d
2024-01-04 09:33:44.824976,body_made,155,40,100,0,198,672bfea13e88ac607394870e
2024-01-04 09:37:10.732651,painting_done,154,40,100,10,198,672bfea13e88ac607394870f
2024-01-04 10:00:00.000000,wood_ok,154,36,100,6,198,672bfea23e88ac6073948710
2024-01-04 10:09:09.036229,neck_made,154,36,100,6,198,672bfea23e88ac6073948711
2024-01-04 10:23:29.493682,body_made,153,36,100,6,198,672bfea23e88ac6073948712
2024-01-04 10:27:30.977765,body_made,152,36,100,6,198,672bfea23e88ac6073948713
2024-01-04 10:37:10.732651,guitar_assembled,151,36,100,6,199,672bfea23e88ac6073948714
2024-01-04 10:37:10.732651,guitar_assembled,151,36,100,5,200,672bfea23e88ac6073948715
2024-01-04 10:39:29.776239,guitar_assembled,151,34,100,4,201,672bfea23e88ac6073948716
2024-01-04 10:44:23.411384,guitar_assembled,151,33,100,3,202,672bfea23e88ac6073948717
2024-01-04 11:00:00.000000,wood_ok,151,32,100,2,202,672bfea33e88ac6073948718
2024-01-04 11:14:47.669086,neck_made,151,32,100,2,202,672bfea33e88ac6073948719
2024-01-04 11:22:09.387019,body_made,150,32,100,2,202,672bfea33e88ac607394871a
2024-01-04 11:25:59.203173,body_made,149,32,100,2,202,672bfea33e88ac607394871b
2024-01-04 11:39:29.776239,guitar_assembled,148,32,100,2,203,672bfea33e88ac607394871c
2024-01-04 11:44:23.411384,guitar_assembled,148,31,100,1,204,672bfea33e88ac607394871d
2024-01-04 11:50:18.864034,guitar_assembled,148,30,100,0,205,672bfea33e88ac607394871e
2024-01-04 12:00:00.000000,wood_ok,148,30,100,0,205,672bfea43e88ac607394871f
2024-01-04 12:08:59.209717,neck_made,148,30,100,0,205,672bfea43e88ac6073948720
2024-01-04 12:09:43.162919,guitar_assembled,147,30,100,0,206,672bfea43e88ac6073948721
2024-01-04 12:20:25.558083,body_made,147,30,100,0,206,672bfea43e88ac6073948722
2024-01-04 12:23:51.645604,body_made,146,30,100,0,206,672bfea43e88ac6073948723
2024-01-04 12:39:29.776239,guitar_assembled,145,30,100,0,207,672bfea43e88ac6073948724
2024-01-04 12:44:23.411384,guitar_assembled,145,30,100,0,208,672bfea43e88ac6073948725
2024-01-04 13:00:00.000000,wood_ok,145,30,100,0,208,672bfea53e88ac6073948726
2024-01-04 13:07:56.921864,neck_made,145,30,100,0,208,672bfea53e88ac6073948727
2024-01-04 13:19:18.074966,body_made,144,30,100,0,208,672bfea53e88ac6073948728
2024-01-04 13:32:54.106734,body_made,143,30,100,0,208,672bfea53e88ac6073948729
2024-01-04 13:46:54.587070,painting_done,142,30,100,10,208,672bfea53e88ac607394872a
2024-01-04 14:00:00.000000,wood_ok,142,56,100,6,208,672bfea63e88ac607394872b
2024-01-04 14:00:00.000000,electronic_restocked,142,56,100,6,208,672bfea63e88ac607394872c
2024-01-04 14:21:17.445583,body_made,142,56,100,6,208,672bfea63e88ac607394872d
2024-01-04 14:22:42.427109,neck_made,141,56,100,6,208,672bfea63e88ac607394872e
2024-01-04 14:27:34.326616,body_made,140,56,100,6,208,672bfea63e88ac607394872f
2024-01-04 14:46:54.587070,guitar_assembled,139,56,100,6,209,672bfea63e88ac6073948730
2024-01-04 14:46:54.587070,guitar_assembled,139,56,100,5,210,672bfea63e88ac6073948731
2024-01-04 14:56:07.538423,guitar_assembled,139,54,100,4,211,672bfea73e88ac6073948732
2024-01-04 15:00:00.000000,wood_ok,139,53,100,3,211,672bfea73e88ac6073948733
2024-01-04 15:01:06.950656,guitar_assembled,139,53,100,3,212,672bfea73e88ac6073948734
2024-01-04 15:13:59.270960,neck_made,139,52,100,2,212,672bfea73e88ac6073948735
2024-01-04 15:21:45.297903,body_made,138,52,100,2,212,672bfea73e88ac6073948736
2024-01-04 15:31:38.353522,body_made,137,52,100,2,212,672bfea73e88ac6073948737
2024-01-04 15:46:54.587070,guitar_assembled,136,52,100,2,213,672bfea73e88ac6073948738
2024-01-04 15:56:07.538423,guitar_assembled,136,51,100,1,214,672bfea83e88ac6073948739
2024-01-04 16:00:00.000000,wood_ok,136,50,100,0,214,672bfea83e88ac607394873a
2024-01-04 16:01:06.950656,guitar_assembled,136,50,100,0,215,672bfea83e88ac607394873b
2024-01-04 16:03:25.707170,guitar_assembled,136,50,100,0,216,672bfea83e88ac607394873c
2024-01-04 16:15:48.991328,neck_made,136,50,100,0,216,672bfea83e88ac607394873d
2024-01-04 16:21:43.856691,body_made,135,50,100,0,216,672bfea83e88ac607394873e
2024-01-04 16:30:32.190124,body_made,134,50,100,0,216,672bfea83e88ac607394873f
2024-01-04 16:46:54.587070,guitar_assembled,133,50,100,0,217,672bfea83e88ac6073948740
2024-01-04 16:53:24.004886,neck_made,133,50,100,0,217,672bfea93e88ac6073948741
2024-01-04 16:56:07.538423,guitar_assembled,132,50,100,0,218,672bfea93e88ac6073948742
2024-01-04 17:00:00.000000,wood_ok,132,50,100,0,218,672bfea93e88ac6073948743
2024-01-04 17:12:15.983922,body_made,132,50,100,0,218,672bfea93e88ac6073948744
2024-01-04 17:36:24.827568,body_made,131,50,100,0,218,672bfea93e88ac6073948745
2024-01-04 17:40:03.264850,neck_made,130,50,100,0,218,672bfea93e88ac6073948746
2024-01-04 18:00:00.000000,wood_ok,129,50,100,0,219,672bfeaa3e88ac6073948747
2024-01-04 18:00:00.000000,dispatch_done,129,50,100,0,219,672bfeaa3e88ac6073948748
2024-01-04 18:09:12.446413,painting_done,129,50,100,10,219,672bfeaa3e88ac6073948749
2024-01-04 18:14:05.639576,body_made,129,46,100,6,219,672bfeaa3e88ac607394874a
2024-01-04 18:42:33.304902,body_made,128,46,100,6,219,672bfeaa3e88ac607394874b
2024-01-04 18:46:37.048672,neck_made,127,46,100,6,219,672bfeaa3e88ac607394874c
2024-01-04 19:00:00.000000,wood_ok,126,46,100,6,219,672bfeab3e88ac607394874d
2024-01-04 19:09:12.446413,guitar_assembled,126,46,100,6,220,672bfeab3e88ac607394874e
2024-01-04 19:13:02.355547,guitar_assembled,126,45,100,5,221,672bfeab3e88ac607394874f
2024-01-04 19:13:20.520566,body_made,126,44,100,4,221,672bfeab3e88ac6073948750
2024-01-04 19:19:58.243302,guitar_assembled,125,44,100,4,222,672bfeab3e88ac6073948751
2024-01-04 19:21:20.322575,guitar_assembled,125,43,100,3,223,672bfeab3e88ac6073948752
2024-01-04 19:32:27.000536,neck_made,125,42,100,2,223,672bfeab3e88ac6073948753
2024-01-04 19:40:14.666786,body_made,124,42,100,2,223,672bfeab3e88ac6073948754
2024-01-04 19:59:10.610373,body_made,123,42,100,2,223,672bfeac3e88ac6073948755
2024-01-04 20:00:00.000000,wood_ok,122,42,100,2,223,672bfeac3e88ac6073948756
2024-01-04 20:09:12.446413,guitar_assembled,122,42,100,2,224,672bfeac3e88ac6073948757
2024-01-04 20:13:02.355547,guitar_assembled,122,41,100,1,225,672bfeac3e88ac6073948758
2024-01-04 20:23:31.399301,guitar_assembled,122,40,100,0,226,672bfeac3e88ac6073948759
2024-01-04 20:27:52.968151,neck_made,122,40,100,0,226,672bfeac3e88ac607394875a
2024-01-04 20:38:54.956553,guitar_assembled,121,40,100,0,227,672bfeac3e88ac607394875b
2024-01-04 20:50:02.752923,body_made,121,40,100,0,227,672bfeac3e88ac607394875c
2024-01-04 20:57:45.426402,body_made,120,40,100,0,227,672bfead3e88ac607394875d
2024-01-04 21:00:00.000000,wood_ok,119,40,100,0,227,672bfead3e88ac607394875e
2024-01-04 21:09:12.446413,guitar_assembled,119,40,100,0,228,672bfead3e88ac607394875f
2024-01-04 21:13:02.355547,guitar_assembled,119,40,100,0,229,672bfead3e88ac6073948760
2024-01-04 21:44:34.105826,neck_made,119,40,100,0,229,672bfead3e88ac6073948761
2024-01-04 21:52:36.394574,painting_done,118,40,100,10,229,672bfeae3e88ac6073948762
2024-01-04 21:56:32.353562,body_made,118,36,100,6,229,672bfeae3e88ac6073948763
2024-01-04 22:00:00.000000,electronic_below_critical,117,36,100,6,229,672bfeae3e88ac6073948764
2024-01-04 22:00:00.000000,wood_ok,117,36,100,6,229,672bfeae3e88ac6073948765
2024-01-04 22:09:35.544813,body_made,117,36,100,6,229,672bfeae3e88ac6073948766
2024-01-04 22:28:24.411565,neck_made,116,36,100,6,229,672bfeae3e88ac6073948767
2024-01-04 22:52:36.394574,guitar_assembled,115,36,100,6,230,672bfeae3e88ac6073948768
2024-01-04 22:52:36.394574,guitar_assembled,115,36,100,5,231,672bfeaf3e88ac6073948769
2024-01-04 22:52:36.394574,guitar_assembled,115,36,100,4,232,672bfeaf3e88ac607394876a
2024-01-04 22:58:20.482240,body_made,115,33,100,3,232,672bfeaf3e88ac607394876b
2024-01-04 22:59:09.829108,guitar_assembled,114,33,100,3,233,672bfeaf3e88ac607394876c
2024-01-04 23:00:00.000000,wood_ok,114,32,100,2,233,672bfeaf3e88ac607394876d
2024-01-04 23:05:40.641779,body_made,114,32,100,2,233,672bfeaf3e88ac607394876e
2024-01-04 23:29:17.764851,neck_made,113,32,100,2,233,672bfeaf3e88ac607394876f
2024-01-04 23:52:36.394574,guitar_assembled,112,32,100,2,234,672bfeb03e88ac6073948770
2024-01-04 23:52:36.394574,guitar_assembled,112,32,100,1,235,672bfeb03e88ac6073948771
2024-01-04 23:59:09.829108,guitar_assembled,112,30,100,0,236,672bfeb03e88ac6073948772
2024-01-05 00:00:00.000000,wood_ok,112,30,100,0,236,672bfeb03e88ac6073948773
2024-01-05 00:00:47.494589,body_made,112,30,100,0,236,672bfeb03e88ac6073948774
2024-01-05 00:03:35.954872,body_made,111,30,100,0,236,672bfeb03e88ac6073948775
2024-01-05 00:06:58.482429,guitar_assembled,110,30,100,0,237,672bfeb03e88ac6073948776
2024-01-05 00:36:40.999105,neck_made,110,30,100,0,237,672bfeb03e88ac6073948777
2024-01-05 00:55:20.782548,guitar_assembled,109,30,100,0,238,672bfeb13e88ac6073948778
2024-01-05 01:00:00.000000,wood_ok,109,30,100,0,238,672bfeb13e88ac6073948779
2024-01-05 01:02:12.335301,guitar_assembled,109,30,100,0,239,672bfeb13e88ac607394877a
2024-01-05 01:07:24.899838,body_made,109,30,100,0,239,672bfeb13e88ac607394877b
2024-01-05 01:15:29.213337,body_made,108,30,100,0,239,672bfeb13e88ac607394877c
2024-01-05 01:32:06.788257,neck_made,107,30,100,0,239,672bfeb13e88ac607394877d
2024-01-05 01:39:31.239608,painting_done,106,30,100,10,239,672bfeb13e88ac607394877e
2024-01-05 02:00:00.000000,wood_ok,106,26,100,6,239,672bfeb23e88ac607394877f
2024-01-05 02:08:16.609705,body_made,106,26,100,6,239,672bfeb23e88ac6073948780
2024-01-05 02:09:29.288035,body_made,105,26,100,6,239,672bfeb23e88ac6073948781
2024-01-05 02:31:03.730285,neck_made,104,26,100,6,239,672bfeb23e88ac6073948782
2024-01-05 02:39:31.239608,guitar_assembled,103,26,100,6,240,672bfeb23e88ac6073948783
2024-01-05 02:54:13.489152,guitar_assembled,103,25,100,5,241,672bfeb33e88ac6073948784
2024-01-05 02:55:00.268424,guitar_assembled,103,24,100,4,242,672bfeb33e88ac6073948785
2024-01-05 02:59:04.831442,guitar_assembled,103,23,100,3,243,672bfeb33e88ac6073948786
2024-01-05 03:00:00.000000,wood_ok,103,22,100,2,243,672bfeb33e88ac6073948787
2024-01-05 03:16:27.702309,body_made,103,22,100,2,243,672bfeb33e88ac6073948788
2024-01-05 03:16:33.037961,body_made,102,22,100,2,243,672bfeb33e88ac6073948789
2024-01-05 03:30:16.564790,neck_made,101,22,100,2,243,672bfeb33e88ac607394878a
2024-01-05 03:44:52.465949,guitar_assembled,100,22,100,2,244,672bfeb33e88ac607394878b
2024-01-05 03:55:00.268424,guitar_assembled,100,21,100,1,245,672bfeb43e88ac607394878c
2024-01-05 04:00:00.000000,wood_ok,100,20,100,0,246,672bfeb43e88ac607394878d
2024-01-05 04:00:00.000000,dispatch_done,100,20,100,0,246,672bfeb43e88ac607394878e
2024-01-05 04:06:32.183209,guitar_assembled,100,20,100,0,247,672bfeb43e88ac607394878f
2024-01-05 04:06:54.875435,guitar_assembled,100,20,100,0,248,672bfeb43e88ac6073948790
2024-01-05 04:19:52.287616,body_made,100,20,100,0,248,672bfeb43e88ac6073948791
2024-01-05 04:25:55.799654,body_made,99,20,100,0,248,672bfeb43e88ac6073948792
2024-01-05 04:33:56.623209,neck_made,98,20,100,0,248,672bfeb43e88ac6073948793
2024-01-05 04:51:46.642638,guitar_assembled,97,20,100,0,249,672bfeb43e88ac6073948794
2024-01-05 05:00:00.000000,wood_ok,97,20,100,0,249,672bfeb53e88ac6073948795
2024-01-05 05:13:14.730012,painting_done,97,20,100,10,249,672bfeb53e88ac6073948796
2024-01-05 05:13:30.301033,guitar_assembled,97,17,100,7,250,672bfeb53e88ac6073948797
2024-01-05 05:25:08.125958,neck_made,97,16,100,6,250,672bfeb53e88ac6073948798
2024-01-05 05:27:39.436819,body_made,96,16,100,6,250,672bfeb53e88ac6073948799
2024-01-05 05:29:16.339531,body_made,95,16,100,6,250,672bfeb53e88ac607394879a
2024-01-05 06:00:00.000000,wood_ok,94,16,100,6,250,672bfeb63e88ac607394879b
2024-01-05 06:13:30.301033,guitar_assembled,94,16,100,6,251,672bfeb63e88ac607394879c
2024-01-05 06:23:36.359543,guitar_assembled,94,15,100,5,252,672bfeb63e88ac607394879d
2024-01-05 06:24:58.973546,guitar_assembled,94,14,100,4,253,672bfeb63e88ac607394879e
2024-01-05 06:28:08.040070,body_made,94,13,100,3,253,672bfeb63e88ac607394879f
2024-01-05 06:30:02.854973,guitar_assembled,93,13,100,3,254,672bfeb63e88ac60739487a0
2024-01-05 06:32:24.572501,body_made,93,12,100,2,254,672bfeb63e88ac60739487a1
2024-01-05 06:50:41.653949,neck_made,92,12,100,2,254,672bfeb63e88ac60739487a2
2024-01-05 07:00:00.000000,wood_ok,91,42,100,2,254,672bfeb73e88ac60739487a3
2024-01-05 07:00:00.000000,electronic_restocked,91,42,100,2,254,672bfeb73e88ac60739487a4
2024-01-05 07:13:30.301033,guitar_assembled,91,42,100,2,255,672bfeb73e88ac60739487a5
2024-01-05 07:23:36.359543,guitar_assembled,91,41,100,1,256,672bfeb73e88ac60739487a6
2024-01-05 07:24:58.973546,guitar_assembled,91,40,100,0,257,672bfeb73e88ac60739487a7
2024-01-05 07:30:02.854973,guitar_assembled,91,40,100,0,258,672bfeb73e88ac60739487a8
2024-01-05 07:34:17.111887,body_made,91,40,100,0,258,672bfeb73e88ac60739487a9
2024-01-05 07:38:17.770092,body_made,90,40,100,0,258,672bfeb73e88ac60739487aa
2024-01-05 08:00:00.000000,wood_ok,89,40,100,0,258,672bfeb83e88ac60739487ab
2024-01-05 08:09:36.328093,neck_made,89,40,100,0,258,672bfeb83e88ac60739487ac
2024-01-05 08:13:30.301033,guitar_assembled,88,40,100,0,259,672bfeb83e88ac60739487ad
2024-01-05 08:30:29.675802,guitar_assembled,88,40,100,0,260,672bfeb83e88ac60739487ae
2024-01-05 08:32:11.496308,body_made,88,40,100,0,260,672bfeb83e88ac60739487af
2024-01-05 08:35:32.434178,neck_made,87,40,100,0,260,672bfeb83e88ac60739487b0
2024-01-05 08:36:32.987181,body_made,86,40,100,0,260,672bfeb83e88ac60739487b1
2024-01-05 09:00:00.000000,wood_ok,85,40,100,0,260,672bfeb93e88ac60739487b2
2024-01-05 09:29:40.796512,body_made,85,40,100,0,260,672bfeb93e88ac60739487b3
2024-01-05 09:39:27.012122,painting_done,84,40,100,10,260,672bfeb93e88ac60739487b4
2024-01-05 09:41:07.217853,body_made,84,36,100,6,260,672bfeb93e88ac60739487b5
2024-01-05 09:58:14.700481,neck_made,83,36,100,6,260,672bfeba3e88ac60739487b6
2024-01-05 10:00:00.000000,wood_ok,82,36,100,6,260,672bfeba3e88ac60739487b7
2024-01-05 10:34:34.029245,body_made,82,36,100,6,260,672bfeba3e88ac60739487b8
2024-01-05 10:39:27.012122,guitar_assembled,81,36,100,6,261,672bfeba3e88ac60739487b9
2024-01-05 10:39:27.012122,guitar_assembled,81,36,100,5,262,672bfeba3e88ac60739487ba
2024-01-05 10:45:34.318980,guitar_assembled,81,34,100,4,263,672bfeba3e88ac60739487bb
2024-01-05 10:46:57.291026,body_made,81,33,100,3,263,672bfeba3e88ac60739487bc
2024-01-05 11:00:00.000000,wood_ok,80,33,100,3,263,672bfebb3e88ac60739487bd
2024-01-05 11:00:15.352924,neck_made,80,33,100,3,263,672bfebb3e88ac60739487be
2024-01-05 11:00:59.466338,guitar_assembled,79,33,100,3,264,672bfebb3e88ac60739487bf
2024-01-05 11:33:48.207655,body_made,79,32,100,2,264,672bfebb3e88ac60739487c0
2024-01-05 11:39:27.012122,guitar_assembled,78,32,100,2,265,672bfebb3e88ac60739487c1
2024-01-05 11:39:27.012122,guitar_assembled,78,32,100,1,266,672bfebb3e88ac60739487c2
2024-01-05 11:47:51.366795,body_made,78,30,100,0,266,672bfebb3e88ac60739487c3
2024-01-05 11:58:33.575098,neck_made,77,30,100,0,266,672bfebc3e88ac60739487c4
2024-01-05 12:00:00.000000,wood_ok,76,30,100,0,266,672bfebc3e88ac60739487c5
2024-01-05 12:05:17.008837,guitar_assembled,76,30,100,0,267,672bfebc3e88ac60739487c6
2024-01-05 12:10:05.358283,guitar_assembled,76,30,100,0,268,672bfebc3e88ac60739487c7
2024-01-05 12:26:07.683908,body_made,76,30,100,0,268,672bfebc3e88ac60739487c8
2024-01-05 12:39:27.012122,guitar_assembled,75,30,100,0,269,672bfebc3e88ac60739487c9
2024-01-05 12:42:23.289338,guitar_assembled,75,30,100,0,270,672bfebc3e88ac60739487ca
2024-01-05 12:55:58.223924,body_made,75,30,100,0,270,672bfebd3e88ac60739487cb
2024-01-05 13:00:00.000000,wood_ok,74,30,100,0,270,672bfebd3e88ac60739487cc
2024-01-05 13:01:02.122068,neck_made,74,30,100,0,270,672bfebd3e88ac60739487cd
2024-01-05 13:19:23.655697,body_made,73,30,100,0,270,672bfebd3e88ac60739487ce
2024-01-05 14:00:00.000000,wood_below_critical,72,30,100,0,271,672bfebe3e88ac60739487cf
2024-01-05 14:00:00.000000,dispatch_done,72,30,100,0,271,672bfebe3e88ac60739487d0
2024-01-05 14:05:01.555783,neck_made,72,30,100,0,271,672bfebe3e88ac60739487d1
2024-01-05 14:07:17.718009,body_made,71,30,100,0,271,672bfebe3e88ac60739487d2
2024-01-05 14:16:02.334251,body_made,70,30,100,0,271,672bfebe3e88ac60739487d3
2024-01-05 14:16:57.409274,painting_done,69,30,100,10,271,672bfebe3e88ac60739487d4
2024-01-05 15:00:00.000000,electronic_below_critical,69,26,99,6,271,672bfebf3e88ac60739487d5
2024-01-05 15:08:45.425981,body_made,69,26,99,6,271,672bfebf3e88ac60739487d6
2024-01-05 15:13:58.984286,body_made,68,26,99,6,271,672bfebf3e88ac60739487d7
2024-01-05 15:16:57.409274,guitar_assembled,67,26,99,6,272,672bfebf3e88ac60739487d8
2024-01-05 15:16:57.409274,guitar_assembled,67,26,99,5,273,672bfebf3e88ac60739487d9
2024-01-05 15:16:57.409274,guitar_assembled,67,26,99,4,274,672bfebf3e88ac60739487da
2024-01-05 15:23:22.192152,neck_made,67,23,99,3,274,672bfebf3e88ac60739487db
2024-01-05 15:30:05.377925,guitar_assembled,66,23,99,3,275,672bfebf3e88ac60739487dc
2024-01-05 16:12:50.426807,body_made,66,22,99,2,275,672bfec03e88ac60739487dd
2024-01-05 16:16:57.409274,guitar_assembled,65,22,99,2,276,672bfec03e88ac60739487de
2024-01-05 16:20:19.824602,body_made,65,21,99,1,276,672bfec03e88ac60739487df
2024-01-05 16:26:25.363612,guitar_assembled,64,21,99,1,277,672bfec03e88ac60739487e0
2024-01-05 16:29:44.470554,guitar_assembled,64,20,99,0,278,672bfec03e88ac60739487e1
2024-01-05 16:30:05.377925,guitar_assembled,64,20,99,0,279,672bfec03e88ac60739487e2
2024-01-05 16:49:15.501915,neck_made,64,20,99,0,279,672bfec03e88ac60739487e3
2024-01-05 17:13:59.400975,body_made,63,20,99,0,279,672bfec13e88ac60739487e4
2024-01-05 17:15:36.582400,body_made,62,20,99,0,279,672bfec13e88ac60739487e5
2024-01-05 17:16:57.409274,guitar_assembled,61,20,99,0,280,672bfec13e88ac60739487e6
2024-01-05 17:26:25.363612,guitar_assembled,61,20,99,0,281,672bfec13e88ac60739487e7
2024-01-05 17:53:21.926077,neck_made,61,20,99,0,281,672bfec23e88ac60739487e8
2024-01-05 18:15:05.864524,body_made,60,20,99,0,281,672bfec23e88ac60739487e9
2024-01-05 18:16:17.036112,body_made,59,20,99,0,281,672bfec23e88ac60739487ea
2024-01-05 18:46:25.443433,neck_made,58,20,99,0,281,672bfec23e88ac60739487eb
2024-01-05 18:52:50.208829,painting_done,57,20,99,10,281,672bfec33e88ac60739487ec
2024-01-05 19:15:58.369066,body_made,57,16,100,6,281,672bfec33e88ac60739487ed
2024-01-05 19:16:15.750557,body_made,56,16,100,6,281,672bfec33e88ac60739487ee
2024-01-05 19:45:54.463243,neck_made,55,16,100,6,281,672bfec33e88ac60739487ef
2024-01-05 19:52:50.208829,guitar_assembled,54,16,100,6,282,672bfec33e88ac60739487f0
2024-01-05 19:53:20.269849,guitar_assembled,54,15,100,5,283,672bfec43e88ac60739487f1
2024-01-05 19:59:28.019303,guitar_assembled,54,14,100,4,284,672bfec43e88ac60739487f2
2024-01-05 20:10:36.372293,neck_made,54,13,100,3,284,672bfec43e88ac60739487f3
2024-01-05 20:18:24.713356,guitar_assembled,53,13,100,3,285,672bfec43e88ac60739487f4
2024-01-05 20:20:10.033962,body_made,53,12,100,2,285,672bfec43e88ac60739487f5
2024-01-05 20:20:56.437672,body_made,52,12,100,2,285,672bfec43e88ac60739487f6
2024-01-05 20:56:30.678658,guitar_assembled,51,12,100,2,286,672bfec53e88ac60739487f7
2024-01-05 21:02:57.864673,guitar_assembled,51,11,100,1,287,672bfec53e88ac60739487f8
2024-01-05 21:06:16.443283,neck_made,51,10,100,0,287,672bfec53e88ac60739487f9
2024-01-05 21:07:01.629377,guitar_assembled,50,10,100,0,288,672bfec53e88ac60739487fa
2024-01-05 21:21:06.703718,body_made,50,10,100,0,288,672bfec53e88ac60739487fb
2024-01-05 21:23:25.896574,guitar_assembled,49,10,100,0,289,672bfec53e88ac60739487fc
2024-01-05 21:29:59.111206,body_made,49,10,100,0,289,672bfec53e88ac60739487fd
2024-01-05 21:56:30.678658,guitar_assembled,48,10,100,0,290,672bfec63e88ac60739487fe
2024-01-05 22:02:57.864673,guitar_assembled,48,10,100,0,291,672bfec63e88ac60739487ff
2024-01-05 22:19:54.502289,body_made,48,10,100,0,291,672bfec63e88ac6073948800
2024-01-05 22:26:13.939448,body_made,47,10,100,0,291,672bfec63e88ac6073948801
2024-01-05 22:35:30.609567,neck_made,46,10,100,0,291,672bfec63e88ac6073948802
2024-01-05 22:54:50.104240,painting_done,45,10,100,10,291,672bfec73e88ac6073948803
2024-01-05 23:18:59.113848,body_made,45,6,99,6,291,672bfec73e88ac6073948804
2024-01-05 23:19:16.435242,body_made,44,6,99,6,291,672bfec73e88ac6073948805
2024-01-05 23:45:55.009613,neck_made,43,6,99,6,291,672bfec73e88ac6073948806
2024-01-05 23:54:50.104240,guitar_assembled,42,6,99,6,292,672bfec83e88ac6073948807
